Juge_1,Juge_2,Difference_Moyenne_Absolue,Difference_Mediane_Absolue,Difference_Max,Difference_Moyenne_Signee,Ecart_type
antoine,baptiste,9.583333333333334,2.5,45.0,-7.083333333333333,13.918322347527987
antoine,roxane,2.8333333333333335,2.0,8.0,-0.5,2.0816659994661326
antoine,theo,9.666666666666666,2.5,45.0,-8.833333333333334,13.411889795207381
baptiste,roxane,10.416666666666666,4.0,42.0,6.583333333333333,12.391040262539656
baptiste,theo,6.583333333333333,5.0,20.0,-1.75,6.960385743403141
roxane,theo,9.166666666666666,4.5,42.0,-8.333333333333334,12.104344324049588
